<?xml version="1.0" encoding="UTF-8"?>
<!DOCTYPE suite SYSTEM "https://testng.org/testng-1.0.dtd">
<suite name="Suite">
  <test thread-count="5" name="Test1">
	  <groups>
		  
		  <run>
			  <include name="sanity"></include>
		  </run>
	  </groups>
	  
	  
	  
    <classes>
      <class name="TestNgExamples.TestNgGroupsEx"/>
    
    </classes>
  </test> <!-- Test -->
  
  
    <test thread-count="5" name="Test2">
	  <groups>
		  
		  <run>
			  <include name="smoke"></include>
		  </run>
	  </groups>
	  
	  
	  
    <classes>
      <class name="TestNgExamples.TestNgGroupsEx"/>
    
    </classes>
  </test> <!-- Test -->
  
  
  
  
   <test thread-count="5" name="Test3">
	  <groups>
		  
		  <run>
			  <exclude name="regression"></exclude>
		  </run>
	  </groups>
	  
	  
	  
    <classes>
      <class name="TestNgExamples.TestNgGroupsEx"/>
      <class name="TestNgExamples.TestNgGroupsEx2"/>
    
    </classes>
  </test> <!-- Test -->
  
  
</suite> <!-- Suite -->
