<?xml version="1.0" encoding="UTF-8"?>
<!DOCTYPE suite SYSTEM "https://testng.org/testng-1.0.dtd">
<suite name="Suite">
  <test thread-count="5" name="TestParameterChrome">
	 <parameter name="browser" value="chrome"></parameter>
   <classes>
      <class name="TestNgExamples.CrossBrowserExample"/>
       <class name="TestNgExamples.CrossBrowserExample2"/>
    
    </classes>
  </test> <!-- Test -->
  
  
    <test thread-count="5" name="TestParameterFirefox">
	 <parameter name="browser" value="firefox"></parameter>
   <classes>
      <class name="TestNgExamples.CrossBrowserExample"/>
      <class name="TestNgExamples.CrossBrowserExample2"/>
    
    </classes>
  </test> <!-- Test -->
  
  <test thread-count="5" name="TestParameterEdge">
	 <parameter name="browser" value="edge"></parameter>
   <classes>
      <class name="TestNgExamples.CrossBrowserExample"/>
      <class name="TestNgExamples.CrossBrowserExample2"/>
    
    </classes>
  </test> <!-- Test -->
  
  
  
</suite> <!-- Suite -->
